fold,participant,accuracy,precision,recall
1,0,0.8754116355653129,0.9020142211759393,0.8754116355653129
2,1,0.9140757490107405,0.8780770696229441,0.9140757490107405
3,2,0.1945754716981132,0.9900873213369747,0.1945754716981132
4,3,0.8887163561076604,0.8523951499394758,0.8887163561076604
5,4,0.7956989247311828,0.6331367788183604,0.7956989247311828
